"p","omega","delta","mu_e","mu_ql","mu_el","mu_qn","mu_en","mu_qa","mu_ea","mu_h","beta_nh","beta_hl","beta_hn","lambda_l","lambda_n","lambda_a","alpha","f_l","f_n","f_a","kappa","c","Tf","obsprob","T_min_l","gamma","E0","QL0","EL_s0","EL_i0","QN_s0","QN_i0","EN_s0","EN_i0","QA_s0","QA_i0","EA0","H_s0","H_i0","LogLik"
2000,1.16E-07,0.5,0.02618,0.0068,0.001428,0.0034,0.000476,0.00136,0.000408,0.002739726027397,0.9,0.8,0.8,0.03700798407263,0.000744396042013,1.14848528620471,1660,0.99581263974089,0.997297287319596,0.992561298656575,0.000275506564155,0.4,4,1E-12,6.49588256531704,0.333333333333333,72.5723081991844,952.646750401004,8.28917956042369,666209.59176162,0.57576059944004,27513.0525353535,1.79406554986979,158.657461165675,52.7424260643587,2141.23851010095,42.3879426266979,0.999946460733632,5.14E-05,-1338.93536757623
2000,2.58466796875,0.5,0.02618,0.0068,0.001428,0.0034,0.000476,0.00136,0.000408,0.002739726027397,0.9,0.8,0.8,0.0351513671875,0.0301416015625,0.0410888671875,65.140205078125,0.61943359375,0.27490234375,0.66689453125,0.01775810546875,0.4,4,0.47744140625,5.275390625,0.082255859375,98.14453125,71.38671875,79.00390625,52.44140625,74.12109375,56.73828125,11.42578125,34.27734375,60.44921875,23.53515625,54.98046875,0.09326171875,0.02001953125,
